fold,rmse,r2
1,61605.08015680601,-4.126877559424691
2,153577.68770282879,-1.9700546739679181
3,109057.2259999353,-0.11699774781394234
4,93360.60769821581,0.38823572699512177
5,87074.95655806048,-1.2649164593232185
