fold,rmse,r2
1,0.924006672330577,-0.5607000171319123
2,0.9710231333868421,-5.018002123911328
3,0.4405644508827668,0.21888786659531967
4,0.5553390122524796,-1.0114372169964723
5,0.7953948020592453,0.0037590157965025073
